ID,TF,relScore,absScore,siteSeqs,class,Symbol,pubmed,uniprot,source
MA0020.1,Dof2,0.992989430793172,9.4065192994828,AAAGCC,C2H2 zinc finger factors,Dof2,10074718,Q41800,SELEX 
MA0021.1,Dof3,1,9.49856316761974,AAAGCG,C2H2 zinc finger factors,Dof3,10074718,Q41801,SELEX 
MA0053.1,MNB1A,1,8.99636826894584,AAAGC,C2H2 zinc finger factors,MNB1A,10074718,P38564,SELEX 
MA0064.1,PBF,1,8.92137485370171,AAAGC,C2H2 zinc finger factors,PBF,10074718,O24463,SELEX 
MA0560.1,PIF3,0.970694053328062,13.2621922087434,GTCCACGTGG,Basic helix-loop-helix factors (bHLH),PIF3,10797009,O80536,ChIP-seq 
MA0561.1,PIF4,0.979932268933247,12.4953812809464,CACGTGGA,Basic helix-loop-helix factors (bHLH),PIF4,22536829,Q8W2F3,ChIP-seq 
MA0562.1,PIF5,0.982776456957237,12.7238034774163,CCACGTGG,Basic helix-loop-helix factors (bHLH),PIF5,22536829,Q84LH8,ChIP-seq 
MA0568.1,MYC3,0.982316027437301,11.3764088063085,CCACGTGG,Basic helix-loop-helix factors (bHLH),MYC3,21335373,Q9FIP9,PBM 
MA0931.1,ABI5,0.960640109437007,11.5933071832902,GTCCACGTGG,Basic leucine zipper factors (bZIP),ABI5,12376636,Q9SJN0,PBM 
MA0932.1,AHL12,1,11.5356217521975,AATTAATT,A.T hook factors,AHL12,22442143,Q8LPN5,PBM 
MA0933.1,AHL20,0.983035404927267,12.2269942701338,AATTAATT,A.T hook factors,AHL20,22442143,Q8GWQ2,PBM 
MA0934.1,AHL25,1,12.7488383591733,AATTAATT,A.T hook factors,AHL25,22442143,Q6DBQ1,PBM 
MA0951.1,ATHB-16,1,14.4205503115169,TAATAATT,Homeo domain factors,ATHB-16,11247607,Q940J1,PBM 
MA0952.1,ATHB-51,1,14.1834478657473,AATTATTG,Homeo domain factors,ATHB-51,16554366,Q9LZR0,PBM 
MA0953.1,ATHB-6,0.982587443391444,10.442203625564,ACAATAATT,Homeo domain factors,ATHB-6,11247607,P46668,PBM 
MA0956.1,BEE2,0.980087786177996,9.96600982815879,TCCACGTGGT,Basic helix-loop-helix factors (bHLH),BEE2,12897250,Q93VJ4,PBM 
MA0964.1,BIM1,0.955309775748586,9.22051469835771,CCACGTGGTG,Basic helix-loop-helix factors (bHLH),BIM1,15680330,Q9LEZ3,PBM 
MA0965.1,BIM2,0.95089977057262,9.28876328836837,TCCACGTGGT,Basic helix-loop-helix factors (bHLH),BIM2,15680330,Q9CAA4,PBM 
MA0966.1,BIM3,0.952761070862891,9.9440098215784,TCCACGTGGT,Basic helix-loop-helix factors (bHLH),BIM3,15680330,Q9FMB6,PBM 
MA0973.1,CDF2,0.976366900543986,11.7035415279472,AAAAAAGTTC,C2H2 zinc finger factors,CDF2,7995527,Q93ZL5,PBM 
MA0977.1,DOF2.5,0.971116148930784,11.2548760494744,AAAAAGTT,C2H2 zinc finger factors,DOF2.5,10758479,Q9ZPY0,PBM 
MA0981.1,DOF1.8,0.988321733324193,8.25995392100225,AATAAAGTAA,C2H2 zinc finger factors,DOF1.8,10758479,Q84JQ8,PBM 
MA0982.1,DOF2.4,1,8.34148019725838,AAAAAGT,C2H2 zinc finger factors,DOF2.4,10758479,O80928,PBM 
MA0983.1,DOF5.6,0.998680306617453,8.91974550390793,AAAAAAGT,C2H2 zinc finger factors,DOF5.6,10758479,Q9FM03,PBM 
MA0984.1,DOF5.7,0.959713384337447,8.27513077110621,AAAAAATG,C2H2 zinc finger factors,DOF5.7,10758479,Q9LSL6,PBM 
MA0987.1,PHYPADRAFT_140773,0.985602297286265,8.19943370881572,AATAAAGTAA,C2H2 zinc finger factors,PHYPADRAFT_140773,10758479,A9T5V8,PBM 
MA0988.1,PHYPADRAFT_143875,0.972899244177304,10.9022115142249,TCCACGTGGT,Basic helix-loop-helix factors (bHLH),PHYPADRAFT_143875,21335373,A9TDF9,PBM 
MA0989.1,PHYPADRAFT_153324,0.992863680909897,8.97093188394949,AAAAAAGTT,C2H2 zinc finger factors,PHYPADRAFT_153324,10758479,A9TZW5,PBM 
MA1011.1,PHYPADRAFT_72483,0.956506149151043,9.01158870049081,TCCACGTGGT,Basic helix-loop-helix factors (bHLH),PHYPADRAFT_72483,21335373,A9RZ73,PBM 
MA1014.1,GATA11,0.970458780560211,12.2336491847716,TAGATCTT,Other C4 zinc finger-type factors,GATA11,12504119,Q6DBP8,PBM 
MA1015.1,GATA12,0.975326912344425,9.76478414460649,TAGATCTT,Other C4 zinc finger-type factors,GATA12,12504119,P69781,PBM 
MA1017.1,GATA8,0.984776087997354,9.65952847055148,AAGATCTAG,Other C4 zinc finger-type factors,GATA8,12504119,Q9SV30,PBM 
MA1018.1,GATA9,0.974083050449925,13.1178258793834,GCTAGATCTTT,Other C4 zinc finger-type factors,GATA9,12504119,O82632,PBM 
MA1022.1,PHYPADRAFT_38837,0.985264567455611,8.69711188835972,AAAAAAGTTC,C2H2 zinc finger factors,PHYPADRAFT_38837,10758479,A9TZG0,PBM 
MA1024.1,HAT1,0.953209160011326,11.165001736682,CTAATCATCC,Homeo domain factors,HAT1,8253077,P46600,PBM 
MA1027.1,KAN1,0.957866614884745,9.02622703481098,TTATATTC,Tryptophan cluster factors,KAN1,24464295,Q93WJ9,PBM 
MA1030.1,P0510F09.23,0.990193798392471,10.9606191768956,AAACCTAAAT,Tryptophan cluster factors,P0510F09.23,22197883,Q5N9C9,PBM 
MA1033.1,OJ1058_F05.8,0.984460828872731,13.3118246049991,CCACGTGG,Basic leucine zipper factors (bZIP),OJ1058_F05.8,8487298,Q75HX9,PBM 
MA1037.1,MYB24,0.951219352997384,8.8395434079,TTGTTTGGT,Tryptophan cluster factors,MYB24,22197883,Q9SPG9,PBM 
MA1039.1,MYB4,0.96578811377105,10.5883673674994,GTTTGGTG,Tryptophan cluster factors,MYB4,22197883,Q9SZP1,PBM 
MA1045.1,NAC043,0.954476985582093,10.8346726366454,ATAAAGTAAA,NAC/NAM,NAC043,24914054,Q84WP6,PBM 
MA1061.1,SPT,0.979541464443011,11.8110007871815,ACCACGTGG,Basic helix-loop-helix factors (bHLH),SPT,21335373,Q9FUA4,PBM 
MA1071.1,DOF5.3,0.997101414574833,7.4479583954589,AAAAAAG,C2H2 zinc finger factors,DOF5.3,10758479,Q84TE9,PBM 
MA1074.1,UNE10,0.962411886783565,11.0947926332462,CCACGTGG,Basic helix-loop-helix factors (bHLH),UNE10,21335373,Q8GZ38,PBM 
MA1077.1,WRKY18,0.972630984895465,11.2480599287063,ACAGTCAACA,WRKY,WRKY18,11449049,Q9C5T4,PBM 
MA1078.1,WRKY2,0.982411132939946,11.5052462518122,CAGTCAAC,WRKY,WRKY2,11449049,Q9FG77,PBM 
MA1079.1,WRKY21,0.958915461391309,10.2773721119274,ACAGTCAACA,WRKY,WRKY21,11449049,O04336,PBM 
MA1080.1,WRKY23,0.969682700775973,12.383095858924,AGTCAACA,WRKY,WRKY23,11449049,O22900,PBM 
MA1081.1,WRKY25,0.981451411480679,12.2698216910791,CAGTCAAC,WRKY,WRKY25,11449049,O22921,PBM 
MA1085.2,WRKY40,0.965483299427841,12.0263075295555,ACAGTCAACA,WRKY,WRKY40,27203113,Q9SAH7,ChIP-seq 
MA1088.1,WRKY48,0.978403123037394,9.03316724999744,ACAGTCAACA,WRKY,WRKY48,11449049,Q9FGZ4,PBM 
MA1089.1,WRKY57,0.950963738821054,10.9733217469236,ACAGTCAACA,WRKY,WRKY57,11449049,Q9C983,PBM 
MA1091.1,WRKY62,0.951008676572416,10.8204093287418,CAGTCAAC,WRKY,WRKY62,11449049,Q9LZV6,PBM 
MA1092.1,WRKY63,0.968456614501923,10.9030749740679,CAGTCAAC,WRKY,WRKY63,11449049,Q9C6H5,PBM 
MA1093.1,WRKY75,0.998663253377938,12.4629662342146,CAGTCAAC,WRKY,WRKY75,11449049,Q9FYA2,PBM 
MA1094.1,WRKY8,0.97032398899607,9.91287667593456,CAGTCAACA,WRKY,WRKY8,11449049,Q9FL26,PBM 
MA1161.1,TSO1,0.978579122087666,21.4384629241436,ATTAAAAAATTTAAA,Other,TSO1,25215497,Q9LUI3,DAP-seq 
MA1190.1,RVE5,0.953552180749577,14.3473968549289,AGATTTTTTTG,Helix-Turn-Helix,RVE5,25215497,C0SVG5,DAP-seq 
MA1198.1,HAT2,0.954526536113932,12.0570209006762,ACTAATTATTG,Homeo domain factors,HAT2,8253077,P46601,DAP-seq 
MA1201.1,AGL42,0.985378317989598,11.9724048572388,CATCATT,MADS box factors,AGL42,12743119,Q9FIS1,DAP-seq 
MA1202.1,AGL55,1,11.7909631097166,TCACCA,MADS box factors,AGL55,12743119,Q9C960,DAP-seq 
MA1209.1,ATHB20,0.966840743279242,14.8801420101874,TTAATAATTAT,Homeo domain factors,ATHB20,11247607,Q8LAT0,DAP-seq 
MA1211.1,ATHB18,0.984665575564851,14.4723140965932,CTAATTATTGT,Homeo domain factors,ATHB18,11247607,A9Z1E8,DAP-seq 
MA1212.1,ATHB13,0.986637880708957,15.1183930548766,TTAATAATTAT,Homeo domain factors,ATHB13,11247607,Q8LC03,DAP-seq 
MA1215.1,ATHB53,0.971164872954117,15.0427418466126,ACAATAATTAG,Homeo domain factors,ATHB53,11247607,Q9LVR0,DAP-seq 
MA1271.1,DAG2,0.967956226310183,13.4445733765024,AATAAAGTAAA,C2H2 zinc finger factors,DAG2,10758479,Q9ZPY0,DAP-seq 
MA1275.1,AT1G47655,0.987737668022253,13.6318453687459,AAATAAAGTAA,C2H2 zinc finger factors,AT1G47655,10758479,Q9SX97,DAP-seq 
MA1276.1,AT3G52440,0.979138210982342,13.4764725415965,AATAAAGTAAA,C2H2 zinc finger factors,AT3G52440,10758479,Q9SVC5,DAP-seq 
MA1326.1,ZHD5,0.977880448865792,13.3104566409937,TCATAATTAAT,Homeo domain factors,ZHD5,11247607,Q9FRL5,DAP-seq 
MA1327.2,ATHB23,1,15.962136412398,TTAATTAATT,Homeo domain factors,ATHB23,11247607,Q8LFD3,DAP-seq 
MA1328.1,ATHB34,0.979135938421681,17.5019991843602,TTTCATAATTAATTA,Homeo domain factors,ATHB34,11247607,Q8LFD3,DAP-seq 
MA1329.2,ZHD1,0.970225227158595,16.914075544625,TAATTAATTAATC,Homeo domain factors,ZHD1,11247607,Q9SB61,DAP-seq 
MA1330.1,ZHD6,0.95767272697238,15.5630407266097,TTTCATAATTAATTA,Homeo domain factors,ZHD6,11247607,,DAP-seq 
MA1355.1,TBP3,0.960886150840056,16.4872097368542,GTTAAAGCCCTAATT,Helix-Turn-Helix,TBP3,22197883,Q9JFW5,DAP-seq 
MA1369.1,HDG1,0.953081661746407,12.7954297939047,ATAATTAATTA,Homeo domain factors,HDG1,25215497,Q9M2E8,DAP-seq 
MA1379.1,SOL1,0.986791015889464,22.3156000800863,TTAAAAAATTTAAAA,Other,SOL1,25215497,Q9M9H7,DAP-seq 
MA1380.1,AT2G20110,1,23.4570822622249,TTTTAAATTTTTTAA,Other,AT2G20110,25215497,Q9SL70,DAP-seq 
MA1381.1,AT3G46070,0.950567363348419,13.6155394337451,TCTGCTTCACTCCCA,C2H2 zinc finger factors,AT3G46070,24567191,Q9LX86,DAP-seq 
MA1385.1,AT2G40260,0.952787035279149,15.3949873376498,TTATTATATTCCTTC,Other,AT2G40260,25215497,,DAP-seq 
MA1388.1,AT3G24120,0.984288549383446,10.83237253263,GGAATATA,Other,AT3G24120,25215497,Q94A57,DAP-seq 
MA1397.1,At1g74840,0.975935673651439,14.3243736690183,ATTGGATAAGC,Helix-Turn-Helix,At1g74840,25215497,,DAP-seq 
MA1399.1,At5g08520,0.954237099942738,13.8329990531018,ATATTGGATAAGC,Helix-Turn-Helix,At5g08520,25215497,Q9FNN6,DAP-seq 
MA1406.1,ATHB4,0.96161360591181,12.765226042641,TAATTATTGT,Homeo domain factors,ATHB4,11247607,P92953,PBM 
MA1684.1,Foxn1,0.986411288939066,8.96621383148877,AGAAGC,Fork head / winged helix factors,Foxn1,23836653,Q61575,ChIP-seq 
